"","Dive.ID","Material.Type","Code","Length","Width","nobs","Median","Weight","Weight_method","Model","Equation","Debris._kgs"
"1","D7","cloth","GAST",1.434,0.672,123,0.431,0.739893311123684,"LW","LLM","(-0.258878291874316) + 0.696493447*Length",119.7483857
"2","D7","cloth","MTHR",0.497,0.433,98,0.1395,0.10215903524306,"LW","WLM","(-0.11436899631094) + 0.500064738*Width",119.7483857
"3","D7","cloth","PAGR",1.214,0.648,66,0.941,0.615945031801247,"LW","WLM","(-0.776058731686753) + 2.148153956*Width",119.7483857
"4","D7","cloth","PAGR",0.658,0.521,66,0.941,0.343129479389247,"LW","WLM","(-0.776058731686753) + 2.148153956*Width",119.7483857
"5","D7","cloth","XNTH",0.438,0.372,3,0.416,0.416,"median","MEDIAN","0.416",119.7483857
"6","D8","cloth","POLY",NA,NA,61,0.137,0.137,"median","Lpower","0.134061610163335 + Length^0.722921576",13.6077711
"7","D8","cloth","POLY",NA,NA,61,0.137,0.137,"median","Lpower","0.134061610163335 + Length^0.722921576",13.6077711
"8","D17","cloth","GAST",1.099,1.001,123,0.431,0.506568006378684,"LW","LLM","(-0.258878291874316) + 0.696493447*Length",116.2557244
"9","D17","cloth","MTHR",1.198,1.387,98,0.1395,0.57922079529506,"LW","WLM","(-0.11436899631094) + 0.500064738*Width",116.2557244
"10","D7","concrete","HCOR",3.015,2.279,5,2.513,2.513,"median","WPOLY","3.33539999999999 + 4.501470698*Width + 0.842919605*Width^2",119.7483857
"11","D7","concrete","OPHR",NA,NA,27,0.1,0.1,"median","WLM","0.17529811468193648 + 0.049495389*Width",119.7483857
"12","D7","concrete","OPHR",2.99,0.053,27,0.1,0.177921370298936,"LW","WLM","0.17529811468193648 + 0.049495389*Width",119.7483857
"13","D7","concrete","POLY",1.876,0.175,61,0.137,1.70995165130401,"LW","Lpower","0.134061610163335 + Length^0.722921576",119.7483857
"14","D7","concrete","SCOR",1.931,1.387,3,1.623,1.623,"median","MEDIAN","1.623",119.7483857
"15","D11","concrete","HCOR",1.968,NA,5,2.513,2.513,"median","WPOLY","3.33539999999999 + 4.501470698*Width + 0.842919605*Width^2",27.2155422
"16","D17","concrete","MTHR",0.772,0.81,98,0.1395,0.29068344146906,"LW","WLM","(-0.11436899631094) + 0.500064738*Width",116.2557244
"17","D1","metal","HCOR",1.851,0.673,5,2.513,2.513,"median","WPOLY","3.33539999999999 + 4.501470698*Width + 0.842919605*Width^2",39.91612856
"18","D2","metal","HCOR",4.683,2.89,5,2.513,2.513,"median","WPOLY","3.33539999999999 + 4.501470698*Width + 0.842919605*Width^2",37.64816671
"19","D3","metal","HCOR",NA,NA,5,2.513,2.513,"median","WPOLY","3.33539999999999 + 4.501470698*Width + 0.842919605*Width^2",6.80388555
"20","D3","metal","HCOR",NA,NA,5,2.513,2.513,"median","WPOLY","3.33539999999999 + 4.501470698*Width + 0.842919605*Width^2",6.80388555
"21","D3","metal","HCOR",NA,NA,5,2.513,2.513,"median","WPOLY","3.33539999999999 + 4.501470698*Width + 0.842919605*Width^2",6.80388555
"22","D3","metal","HCOR",NA,NA,5,2.513,2.513,"median","WPOLY","3.33539999999999 + 4.501470698*Width + 0.842919605*Width^2",6.80388555
"23","D4","metal","POLY",8.136,NA,61,0.137,4.68557381359015,"LW","Lpower","0.134061610163335 + Length^0.722921576",3.62873896
"24","D4","metal","POLY",8.136,NA,61,0.137,4.68557381359015,"LW","Lpower","0.134061610163335 + Length^0.722921576",3.62873896
"25","D4","metal","POLY",10.184,NA,61,0.137,5.48766200663556,"LW","Lpower","0.134061610163335 + Length^0.722921576",3.62873896
"26","D4","metal","POLY",10.184,NA,61,0.137,5.48766200663556,"LW","Lpower","0.134061610163335 + Length^0.722921576",3.62873896
"27","D5","metal","HCOR",NA,NA,5,2.513,2.513,"median","WPOLY","3.33539999999999 + 4.501470698*Width + 0.842919605*Width^2",74.38914868
"28","D6","metal","POLY",NA,NA,61,0.137,0.137,"median","Lpower","0.134061610163335 + Length^0.722921576",22.22602613
"29","D7","metal","HCOR",2.621,1.944,5,2.513,2.513,"median","WPOLY","3.33539999999999 + 4.501470698*Width + 0.842919605*Width^2",119.7483857
"30","D7","metal","HCOR",1.198,1.056,5,2.513,2.513,"median","WPOLY","3.33539999999999 + 4.501470698*Width + 0.842919605*Width^2",119.7483857
"31","D7","metal","HCOR",0.758,0.458,5,2.513,2.513,"median","WPOLY","3.33539999999999 + 4.501470698*Width + 0.842919605*Width^2",119.7483857
"32","D7","metal","HCOR",1.359,1.18,5,2.513,2.513,"median","WPOLY","3.33539999999999 + 4.501470698*Width + 0.842919605*Width^2",119.7483857
"33","D7","metal","HCOR",0.826,0.791,5,2.513,2.513,"median","WPOLY","3.33539999999999 + 4.501470698*Width + 0.842919605*Width^2",119.7483857
"34","D7","metal","HCOR",1.575,1.566,5,2.513,2.513,"median","WPOLY","3.33539999999999 + 4.501470698*Width + 0.842919605*Width^2",119.7483857
"35","D7","metal","HCOR",1.211,1.172,5,2.513,2.513,"median","WPOLY","3.33539999999999 + 4.501470698*Width + 0.842919605*Width^2",119.7483857
"36","D7","metal","HCOR",0.825,0.659,5,2.513,2.513,"median","WPOLY","3.33539999999999 + 4.501470698*Width + 0.842919605*Width^2",119.7483857
"37","D7","metal","HCOR",1.366,1.364,5,2.513,2.513,"median","WPOLY","3.33539999999999 + 4.501470698*Width + 0.842919605*Width^2",119.7483857
"38","D7","metal","SCOR",1.587,0.66,3,1.623,1.623,"median","MEDIAN","1.623",119.7483857
"39","D8","metal","BIVL",0.857,0.48,78,0.2675,0.629813651548861,"LW","Wpower","0.428511457562805 +Width^2.183944642",13.6077711
"40","D8","metal","BIVL",1.848,1.426,78,0.2675,2.5991550070158,"LW","Wpower","0.428511457562805 +Width^2.183944642",13.6077711
"41","D8","metal","BIVL",2.472,0.699,78,0.2675,0.885964753753158,"LW","Wpower","0.428511457562805 +Width^2.183944642",13.6077711
"42","D8","metal","HCOR",3.612,3,5,2.513,2.513,"median","WPOLY","3.33539999999999 + 4.501470698*Width + 0.842919605*Width^2",13.6077711
"43","D8","metal","HCOR",NA,NA,5,2.513,2.513,"median","WPOLY","3.33539999999999 + 4.501470698*Width + 0.842919605*Width^2",13.6077711
"44","D8","metal","HCOR",NA,NA,5,2.513,2.513,"median","WPOLY","3.33539999999999 + 4.501470698*Width + 0.842919605*Width^2",13.6077711
"45","D8","metal","HCOR",1.259,0.498,5,2.513,2.513,"median","WPOLY","3.33539999999999 + 4.501470698*Width + 0.842919605*Width^2",13.6077711
"46","D8","metal","HCOR",NA,NA,5,2.513,2.513,"median","WPOLY","3.33539999999999 + 4.501470698*Width + 0.842919605*Width^2",13.6077711
"47","D8","metal","HCOR",NA,NA,5,2.513,2.513,"median","WPOLY","3.33539999999999 + 4.501470698*Width + 0.842919605*Width^2",13.6077711
"48","D8","metal","HCOR",NA,NA,5,2.513,2.513,"median","WPOLY","3.33539999999999 + 4.501470698*Width + 0.842919605*Width^2",13.6077711
"49","D10","metal","BIVL",4.123,2.73,78,0.2675,9.39361017441423,"LW","Wpower","0.428511457562805 +Width^2.183944642",268.0730907
"50","D10","metal","GAST",NA,NA,123,0.431,0.431,"median","LLM","(-0.258878291874316) + 0.696493447*Length",268.0730907
"51","D11","metal","BIVL",2.556,1.659,78,0.2675,3.44938354818168,"LW","Wpower","0.428511457562805 +Width^2.183944642",27.2155422
"52","D11","metal","HCOR",3.011,2.434,5,2.513,2.513,"median","WPOLY","3.33539999999999 + 4.501470698*Width + 0.842919605*Width^2",27.2155422
"53","D11","metal","HCOR",1.958,0.935,5,2.513,2.513,"median","WPOLY","3.33539999999999 + 4.501470698*Width + 0.842919605*Width^2",27.2155422
"54","D11","metal","HCOR",1.289,1.097,5,2.513,2.513,"median","WPOLY","3.33539999999999 + 4.501470698*Width + 0.842919605*Width^2",27.2155422
"55","D11","metal","HCOR",2.434,NA,5,2.513,2.513,"median","WPOLY","3.33539999999999 + 4.501470698*Width + 0.842919605*Width^2",27.2155422
"56","D11","metal","HCOR",1.747,1.497,5,2.513,2.513,"median","WPOLY","3.33539999999999 + 4.501470698*Width + 0.842919605*Width^2",27.2155422
"57","D11","metal","HCOR",NA,NA,5,2.513,2.513,"median","WPOLY","3.33539999999999 + 4.501470698*Width + 0.842919605*Width^2",27.2155422
"58","D12","metal","HCOR",2.659,1.399,5,2.513,2.513,"median","WPOLY","3.33539999999999 + 4.501470698*Width + 0.842919605*Width^2",28.12272694
"59","D12","metal","SCOR",6.714,1.709,3,1.623,1.623,"median","MEDIAN","1.623",28.12272694
"60","D14","metal","CARD",2.068,0.619,126,0.0745,0.235990308186754,"LW","LLM","(-0.249349738873246) + 0.234690545*Length",73.48196394
"61","D14","metal","OPHR",2.232,NA,27,0.1,0.1,"median","WLM","0.17529811468193648 + 0.049495389*Width",73.48196394
"62","D12","metal","HCOR",7.568,2.315,5,2.513,2.513,"median","WPOLY","3.33539999999999 + 4.501470698*Width + 0.842919605*Width^2",28.12272694
"63","D17","metal","HCOR",3.23,1.216,5,2.513,2.513,"median","WPOLY","3.33539999999999 + 4.501470698*Width + 0.842919605*Width^2",116.2557244
"64","D2","plastic","SCOR",5.041,4.001,3,1.623,1.623,"median","MEDIAN","1.623",37.64816671
"65","D5","plastic","PAGR",NA,NA,66,0.941,0.941,"median","WLM","(-0.776058731686753) + 2.148153956*Width",74.38914868
"66","D7","plastic","SIPN",2.674,0.203,9,0.474,0.474,"median","LLM","0.0566603395096817 + 0.10493254*Length",119.7483857
"67","D9","plastic","BIVL",0.361,0.32,78,0.2675,0.511549087791485,"LW","Wpower","0.428511457562805 +Width^2.183944642",11.33980925
"68","D14","plastic","HCOR",NA,NA,5,2.513,2.513,"median","WPOLY","3.33539999999999 + 4.501470698*Width + 0.842919605*Width^2",73.48196394
"69","D17","plastic","GLRH",NA,NA,68,0.497,0.497,"median","Lpower","0.553638519364288 + Length^2.013820376",116.2557244
"70","D17","plastic","HCOR",2.428,2.091,5,2.513,2.513,"median","WPOLY","3.33539999999999 + 4.501470698*Width + 0.842919605*Width^2",116.2557244
"71","D17","plastic","HCOR",1.862,2.913,5,2.513,2.513,"median","WPOLY","3.33539999999999 + 4.501470698*Width + 0.842919605*Width^2",116.2557244
"72","D17","plastic","HCOR",0.935,0.406,5,2.513,2.513,"median","WPOLY","3.33539999999999 + 4.501470698*Width + 0.842919605*Width^2",116.2557244
"73","D17","plastic","OPHR",0.92,0.915,27,0.1,0.220586395616936,"LW","WLM","0.17529811468193648 + 0.049495389*Width",116.2557244
"74","D17","plastic","OPHR",0.48,0.573,27,0.1,0.203658972578936,"LW","WLM","0.17529811468193648 + 0.049495389*Width",116.2557244
"75","D17","plastic","OPHR",0.905,0.948,27,0.1,0.222219743453936,"LW","WLM","0.17529811468193648 + 0.049495389*Width",116.2557244
"76","D17","plastic","OPHR",1.025,0.796,27,0.1,0.214696444325936,"LW","WLM","0.17529811468193648 + 0.049495389*Width",116.2557244
"77","D17","plastic","OPHR",0.916,0.839,27,0.1,0.216824746052936,"LW","WLM","0.17529811468193648 + 0.049495389*Width",116.2557244
"78","D1","plastic","DROM",NA,NA,NA,NA,0.01,"median",NA,NA,39.91612856
"79","D1","plastic","GLRH",0.655,0.531,68,0.497,0.980162040321125,"LW","Lpower","0.553638519364288 + Length^2.013820376",39.91612856
"80","D1","plastic","GLRH",0.646,0.483,68,0.497,0.968441986741368,"LW","Lpower","0.553638519364288 + Length^2.013820376",39.91612856
"81","D1","plastic","POLY",3.404,0.216,61,0.137,2.55836363892757,"LW","Lpower","0.134061610163335 + Length^0.722921576",39.91612856
"82","D2","plastic","HCOR",1.982,1.708,5,2.513,2.513,"median","WPOLY","3.33539999999999 + 4.501470698*Width + 0.842919605*Width^2",37.64816671
"83","D3","plastic","SCOR",2.684,2.146,3,1.623,1.623,"median","MEDIAN","1.623",6.80388555
"84","D5","plastic","BIVL",5.539,4.36,78,0.2675,25.351670672722,"LW","Wpower","0.428511457562805 +Width^2.183944642",74.38914868
"85","D5","plastic","HCOR",2.318,1.02,5,2.513,2.513,"median","WPOLY","3.33539999999999 + 4.501470698*Width + 0.842919605*Width^2",74.38914868
"86","D5","plastic","HCOR",5.545,1.984,5,2.513,2.513,"median","WPOLY","3.33539999999999 + 4.501470698*Width + 0.842919605*Width^2",74.38914868
"87","D5","plastic","HCOR",5.234,2.417,5,2.513,2.513,"median","WPOLY","3.33539999999999 + 4.501470698*Width + 0.842919605*Width^2",74.38914868
"88","D5","plastic","HCOR",5.094,3.808,5,2.513,2.513,"median","WPOLY","3.33539999999999 + 4.501470698*Width + 0.842919605*Width^2",74.38914868
"89","D5","plastic","HCOR",3.483,1.963,5,2.513,2.513,"median","WPOLY","3.33539999999999 + 4.501470698*Width + 0.842919605*Width^2",74.38914868
"90","D5","plastic","SCOR",14.077,17.319,3,1.623,1.623,"median","MEDIAN","1.623",74.38914868
"91","D5","plastic","SCOR",NA,NA,3,1.623,1.623,"median","MEDIAN","1.623",74.38914868
"92","D6","plastic","HCOR",2.86,1.196,5,2.513,2.513,"median","WPOLY","3.33539999999999 + 4.501470698*Width + 0.842919605*Width^2",22.22602613
"93","D6","plastic","HCOR",3.948,3.566,5,2.513,2.513,"median","WPOLY","3.33539999999999 + 4.501470698*Width + 0.842919605*Width^2",22.22602613
"94","D6","plastic","POLY",5.009,0.154,61,0.137,3.33933529957299,"LW","Lpower","0.134061610163335 + Length^0.722921576",22.22602613
"95","D7","plastic","OPHR",1.587,0.165,27,0.1,0.183464853866936,"LW","WLM","0.17529811468193648 + 0.049495389*Width",119.7483857
"96","D7","plastic","OPHR",NA,NA,27,0.1,0.1,"median","WLM","0.17529811468193648 + 0.049495389*Width",119.7483857
"97","D7","plastic","OPHR",NA,NA,27,0.1,0.1,"median","WLM","0.17529811468193648 + 0.049495389*Width",119.7483857
"98","D7","plastic","POLY",2.118,0.111,61,0.137,1.85441990429786,"LW","Lpower","0.134061610163335 + Length^0.722921576",119.7483857
"99","D7","plastic","POLY",4.495,0.171,61,0.137,3.09802189844724,"LW","Lpower","0.134061610163335 + Length^0.722921576",119.7483857
"100","D7","plastic","POLY",4.644,0.152,61,0.137,3.16872669704387,"LW","Lpower","0.134061610163335 + Length^0.722921576",119.7483857
"101","D7","plastic","POLY",3.494,0.261,61,0.137,2.60453310727365,"LW","Lpower","0.134061610163335 + Length^0.722921576",119.7483857
"102","D7","plastic","POLY",2.403,0.221,61,0.137,2.01881752997386,"LW","Lpower","0.134061610163335 + Length^0.722921576",119.7483857
"103","D7","plastic","POLY",2.094,0.166,61,0.137,1.84030493540143,"LW","Lpower","0.134061610163335 + Length^0.722921576",119.7483857
"104","D7","plastic","POLY",7.045,0.229,61,0.137,4.23564425634247,"LW","Lpower","0.134061610163335 + Length^0.722921576",119.7483857
"105","D7","plastic","POLY",5.253,0.252,61,0.137,3.45146323892828,"LW","Lpower","0.134061610163335 + Length^0.722921576",119.7483857
"106","D7","plastic","POLY",2.901,0.584,61,0.137,2.29372334308371,"LW","Lpower","0.134061610163335 + Length^0.722921576",119.7483857
"107","D7","plastic","POLY",4.658,0.315,61,0.137,3.17533753622947,"LW","Lpower","0.134061610163335 + Length^0.722921576",119.7483857
"108","D8","plastic","BIVL",3.643,1.589,78,0.2675,3.17794646260661,"LW","Wpower","0.428511457562805 +Width^2.183944642",13.6077711
"109","D8","plastic","BIVL",NA,NA,78,0.2675,0.2675,"median","Wpower","0.428511457562805 +Width^2.183944642",13.6077711
"110","D8","plastic","HCOR",3.059,2.758,5,2.513,2.513,"median","WPOLY","3.33539999999999 + 4.501470698*Width + 0.842919605*Width^2",13.6077711
"111","D8","plastic","POLY",2.109,0.181,61,0.137,1.84913201078931,"LW","Lpower","0.134061610163335 + Length^0.722921576",13.6077711
"112","D8","plastic","POLY",0.809,0.052,61,0.137,0.991995848947644,"LW","Lpower","0.134061610163335 + Length^0.722921576",13.6077711
"113","D8","plastic","POLY",NA,NA,61,0.137,0.137,"median","Lpower","0.134061610163335 + Length^0.722921576",13.6077711
"114","D8","plastic","SCOR",NA,NA,3,1.623,1.623,"median","MEDIAN","1.623",13.6077711
"115","D8","plastic","SCOR",NA,NA,3,1.623,1.623,"median","MEDIAN","1.623",13.6077711
"116","D8","plastic","SCOR",NA,NA,3,1.623,1.623,"median","MEDIAN","1.623",13.6077711
"117","D8","plastic","SCOR",NA,NA,3,1.623,1.623,"median","MEDIAN","1.623",13.6077711
"118","D8","plastic","SCOR",NA,NA,3,1.623,1.623,"median","MEDIAN","1.623",13.6077711
"119","D8","plastic","SCOR",NA,NA,3,1.623,1.623,"median","MEDIAN","1.623",13.6077711
"120","D8","plastic","XNTH",0.319,0.268,3,0.416,0.416,"median","MEDIAN","0.416",13.6077711
"121","D10","plastic","BIVL",10.486,9.031,78,0.2675,122.685634546129,"LW","Wpower","0.428511457562805 +Width^2.183944642",268.0730907
"122","D10","plastic","BIVL",1.375,1.045,78,0.2675,1.52941411510478,"LW","Wpower","0.428511457562805 +Width^2.183944642",268.0730907
"123","D10","plastic","BIVL",NA,NA,78,0.2675,0.2675,"median","Wpower","0.428511457562805 +Width^2.183944642",268.0730907
"124","D10","plastic","BIVL",1.604,1.187,78,0.2675,1.88261806794586,"LW","Wpower","0.428511457562805 +Width^2.183944642",268.0730907
"125","D10","plastic","GAST",NA,NA,123,0.431,0.431,"median","LLM","(-0.258878291874316) + 0.696493447*Length",268.0730907
"126","D10","plastic","HCOR",3.817,2.638,5,2.513,2.513,"median","WPOLY","3.33539999999999 + 4.501470698*Width + 0.842919605*Width^2",235.41444
"127","D10","plastic","HCOR",6.125,3.948,5,2.513,2.513,"median","WPOLY","3.33539999999999 + 4.501470698*Width + 0.842919605*Width^2",268.0730907
"128","D10","plastic","SCOR",NA,NA,3,1.623,1.623,"median","MEDIAN","1.623",268.0730907
"129","D11","plastic","HCOR",3.793,3.312,5,2.513,2.513,"median","WPOLY","3.33539999999999 + 4.501470698*Width + 0.842919605*Width^2",27.2155422
"130","D11","plastic","SCOR",0.946,0.497,3,1.623,1.623,"median","MEDIAN","1.623",27.2155422
"131","D11","plastic","SCOR",3.237,2.653,3,1.623,1.623,"median","MEDIAN","1.623",27.2155422
"132","D12","plastic","GLRH",0.565,0.411,68,0.497,0.870354598234153,"LW","Lpower","0.553638519364288 + Length^2.013820376",28.12272694
"133","D12","plastic","HCOR",1.28,1.269,5,2.513,2.513,"median","WPOLY","3.33539999999999 + 4.501470698*Width + 0.842919605*Width^2",28.12272694
"134","D12","plastic","POLY",2.841,0.14,61,0.137,2.26133907256534,"LW","Lpower","0.134061610163335 + Length^0.722921576",28.12272694
"135","D12","plastic","POLY",4.885,0.158,61,0.137,3.28177411367408,"LW","Lpower","0.134061610163335 + Length^0.722921576",28.12272694
"136","D12","plastic","POLY",2.774,0.169,61,0.137,2.22495176661598,"LW","Lpower","0.134061610163335 + Length^0.722921576",28.12272694
"137","D12","plastic","POLY",2.551,0.163,61,0.137,2.10203746481771,"LW","Lpower","0.134061610163335 + Length^0.722921576",28.12272694
"138","D12","plastic","POLY",NA,NA,61,0.137,0.137,"median","Lpower","0.134061610163335 + Length^0.722921576",28.12272694
"139","D12","plastic","SCOR",7.372,1.946,3,1.623,1.623,"median","MEDIAN","1.623",28.12272694
"140","D12","plastic","SCOR",3.109,1.868,3,1.623,1.623,"median","MEDIAN","1.623",28.12272694
"141","D14","plastic","BIVL",4.436,3.35,78,0.2675,14.4459542756072,"LW","Wpower","0.428511457562805 +Width^2.183944642",73.48196394
"142","D14","plastic","BIVL",6.859,2.448,78,0.2675,7.49400661715225,"LW","Wpower","0.428511457562805 +Width^2.183944642",73.48196394
"143","D14","plastic","BIVL",5.816,4.178,78,0.2675,23.1355599737034,"LW","Wpower","0.428511457562805 +Width^2.183944642",73.48196394
"144","D14","plastic","BIVL",4.044,1.986,78,0.2675,4.90327585152829,"LW","Wpower","0.428511457562805 +Width^2.183944642",73.48196394
"145","D14","plastic","BIVL",7.446,5.178,78,0.2675,36.7104408733126,"LW","Wpower","0.428511457562805 +Width^2.183944642",73.48196394
"146","D14","plastic","BIVL",4.848,3.968,78,0.2675,20.7168917719803,"LW","Wpower","0.428511457562805 +Width^2.183944642",73.48196394
"147","D14","plastic","BIVL",4.836,4.381,78,0.2675,25.6145850915673,"LW","Wpower","0.428511457562805 +Width^2.183944642",73.48196394
"148","D14","plastic","BIVL",3.09,1.601,78,0.2675,3.2234956385558,"LW","Wpower","0.428511457562805 +Width^2.183944642",73.48196394
"149","D14","plastic","BIVL",4.767,2.289,78,0.2675,6.53015035428294,"LW","Wpower","0.428511457562805 +Width^2.183944642",73.48196394
"150","D14","plastic","BIVL",6.517,4.94,78,0.2675,33.1671981007151,"LW","Wpower","0.428511457562805 +Width^2.183944642",73.48196394
"151","D14","plastic","BIVL",2.347,1.04,78,0.2675,1.51794281135897,"LW","Wpower","0.428511457562805 +Width^2.183944642",73.48196394
"152","D14","plastic","BIVL",2.484,2.565,78,0.2675,8.25242726897533,"LW","Wpower","0.428511457562805 +Width^2.183944642",73.48196394
"153","D14","plastic","BIVL",9.945,4.685,78,0.2675,29.5888543729847,"LW","Wpower","0.428511457562805 +Width^2.183944642",73.48196394
"154","D14","plastic","BIVL",3.5,3.438,78,0.2675,15.2626501924881,"LW","Wpower","0.428511457562805 +Width^2.183944642",73.48196394
"155","D14","plastic","BIVL",3.633,2.782,78,0.2675,9.77075885079454,"LW","Wpower","0.428511457562805 +Width^2.183944642",73.48196394
"156","D14","plastic","CARD",2.134,0.768,126,0.0745,0.251479884156754,"LW","LLM","(-0.249349738873246) + 0.234690545*Length",73.48196394
"157","D16","plastic","HCOR",9.44,3.891,5,2.513,2.513,"median","WPOLY","3.33539999999999 + 4.501470698*Width + 0.842919605*Width^2",145.1495584
"158","D16","plastic","HCOR",13.681,3.931,5,2.513,2.513,"median","WPOLY","3.33539999999999 + 4.501470698*Width + 0.842919605*Width^2",145.1495584
"159","D16","plastic","HCOR",4.606,9.821,5,2.513,2.513,"median","WPOLY","3.33539999999999 + 4.501470698*Width + 0.842919605*Width^2",145.1495584
"160","D16","plastic","SCOR",8.707,6.016,3,1.623,1.623,"median","MEDIAN","1.623",145.1495584
"161","D16","plastic","SCOR",3.339,1.918,3,1.623,1.623,"median","MEDIAN","1.623",145.1495584
"162","D17","plastic","CARD",2.345,0.488,126,0.0745,0.300999589151754,"LW","LLM","(-0.249349738873246) + 0.234690545*Length",116.2557244
"163","D17","plastic","CARD",1.958,0.453,126,0.0745,0.210174348236754,"LW","LLM","(-0.249349738873246) + 0.234690545*Length",116.2557244
"164","D12","plastic","HCOR",7.271,2.945,5,2.513,2.513,"median","WPOLY","3.33539999999999 + 4.501470698*Width + 0.842919605*Width^2",28.12272694
"165","D14","plastic","BIVL",4.061,3.792,78,0.2675,18.8030476213054,"LW","Wpower","0.428511457562805 +Width^2.183944642",73.48196394
"166","D14","plastic","MTHR",1.784,0.438,98,0.1395,0.10465935893306,"LW","WLM","(-0.11436899631094) + 0.500064738*Width",73.48196394
"167","D14","plastic","OPHR",NA,NA,27,0.1,0.1,"median","WLM","0.17529811468193648 + 0.049495389*Width",73.48196394
"168","D14","plastic","POLY",4.297,0.323,61,0.137,3.00305069098524,"LW","Lpower","0.134061610163335 + Length^0.722921576",73.48196394
"169","D14","plastic","POLY",3.544,0.153,61,0.137,2.63004023133293,"LW","Lpower","0.134061610163335 + Length^0.722921576",73.48196394
"170","D14","plastic","POLY",2.352,0.326,61,0.137,1.98981409560372,"LW","Lpower","0.134061610163335 + Length^0.722921576",73.48196394
"171","D14","plastic","POLY",1.204,0.237,61,0.137,1.27769447423287,"LW","Lpower","0.134061610163335 + Length^0.722921576",73.48196394
"172","D14","plastic","POLY",4.704,0.249,61,0.137,3.1970202313126,"LW","Lpower","0.134061610163335 + Length^0.722921576",73.48196394
"173","D16","plastic","BIVL",0.881,0.441,78,0.2675,0.595802837123536,"LW","Wpower","0.428511457562805 +Width^2.183944642",145.1495584
"174","D16","plastic","BIVL",0.729,0.339,78,0.2675,0.522696545604409,"LW","Wpower","0.428511457562805 +Width^2.183944642",145.1495584
"175","D16","plastic","BIVL",1.154,0.592,78,0.2675,0.74675764628433,"LW","Wpower","0.428511457562805 +Width^2.183944642",145.1495584
"176","D1","unknown","CARD",NA,NA,126,0.0745,0.0745,"median","LLM","(-0.249349738873246) + 0.234690545*Length",39.91612856
"177","D1","unknown","FISH",NA,NA,16,1.1945,1.1945,"median","LPOLY","1.4699375 +  2.71207313*Length + 2.921313086*Length^2",39.91612856
"178","D1","unknown","HCOR",1.909,0.563,5,2.513,2.513,"median","WPOLY","3.33539999999999 + 4.501470698*Width + 0.842919605*Width^2",39.91612856
"179","D1","unknown","MTHR",0.308,0.336,98,0.1395,0.05365275565706,"LW","WLM","(-0.11436899631094) + 0.500064738*Width",39.91612856
"180","D1","unknown","MTHR",0.943,1.239,98,0.1395,0.50521121407106,"LW","WLM","(-0.11436899631094) + 0.500064738*Width",39.91612856
"181","D1","unknown","MTHR",0.295,0.48,98,0.1395,0.12566207792906,"LW","WLM","(-0.11436899631094) + 0.500064738*Width",39.91612856
"182","D1","unknown","MTHR",0.298,0.415,98,0.1395,0.09315786995906,"LW","WLM","(-0.11436899631094) + 0.500064738*Width",39.91612856
"183","D1","unknown","MTHR",0.38,0.408,98,0.1395,0.08965741679306,"LW","WLM","(-0.11436899631094) + 0.500064738*Width",39.91612856
"184","D1","unknown","MTHR",0.296,0.508,98,0.1395,0.13966389059306,"LW","WLM","(-0.11436899631094) + 0.500064738*Width",39.91612856
"185","D1","unknown","MTHR",0.772,1.085,98,0.1395,0.42820124441906,"LW","WLM","(-0.11436899631094) + 0.500064738*Width",39.91612856
"186","D1","unknown","MTHR",0.295,0.38,98,0.1395,0.07565560412906,"LW","WLM","(-0.11436899631094) + 0.500064738*Width",39.91612856
"187","D1","unknown","MTHR",0.235,0.318,98,0.1395,0.04465159037306,"LW","WLM","(-0.11436899631094) + 0.500064738*Width",39.91612856
"188","D1","unknown","MTHR",0.479,0.305,98,0.1395,0.03815074877906,"LW","WLM","(-0.11436899631094) + 0.500064738*Width",39.91612856
"189","D1","unknown","PAGR",0.98,0.544,66,0.941,0.392537020377247,"LW","WLM","(-0.776058731686753) + 2.148153956*Width",39.91612856
"190","D1","unknown","PAGR",0.748,0.45,66,0.941,0.190610548513247,"LW","WLM","(-0.776058731686753) + 2.148153956*Width",39.91612856
"191","D1","unknown","PAGR",2.46,0.944,66,0.941,1.25179860277725,"LW","WLM","(-0.776058731686753) + 2.148153956*Width",39.91612856
"192","D1","unknown","PAGR",1.462,0.797,66,0.941,0.936019971245247,"LW","WLM","(-0.776058731686753) + 2.148153956*Width",39.91612856
"193","D1","unknown","PAGR",0.685,0.431,66,0.941,0.149795623349247,"LW","WLM","(-0.776058731686753) + 2.148153956*Width",39.91612856
"194","D1","unknown","PAGR",4.804,2.405,66,0.941,4.39025153249325,"LW","WLM","(-0.776058731686753) + 2.148153956*Width",39.91612856
"195","D1","unknown","PLMN",0.652,0.676,9,0.725,0.725,"median","LLM","2.3435773136798 -0.591546109*Length",39.91612856
"196","D1","unknown","POLY",3.949,NA,61,0.137,2.83312707778371,"LW","Lpower","0.134061610163335 + Length^0.722921576",39.91612856
"197","D1","unknown","POLY",17.294,0.588,61,0.137,7.98463418847202,"LW","Lpower","0.134061610163335 + Length^0.722921576",39.91612856
"198","D1","unknown","POLY",3.594,0.324,61,0.137,2.65544783586853,"LW","Lpower","0.134061610163335 + Length^0.722921576",39.91612856
"199","D1","unknown","XNTH",0.512,0.696,3,0.416,0.416,"median","MEDIAN","0.416",39.91612856
"200","D2","unknown","BIVL",2.635,1.849,78,0.2675,4.25654237623891,"LW","Wpower","0.428511457562805 +Width^2.183944642",37.64816671
"201","D2","unknown","BIVL",5.441,4.149,78,0.2675,22.7927570884336,"LW","Wpower","0.428511457562805 +Width^2.183944642",37.64816671
"202","D2","unknown","BIVL",1.107,1.12,78,0.2675,1.70933539896223,"LW","Wpower","0.428511457562805 +Width^2.183944642",37.64816671
"203","D2","unknown","MTHR",0.405,0.282,98,0.1395,0.02664925980506,"LW","WLM","(-0.11436899631094) + 0.500064738*Width",37.64816671
"204","D2","unknown","MTHR",0.712,0.951,98,0.1395,0.36119256952706,"LW","WLM","(-0.11436899631094) + 0.500064738*Width",37.64816671
"205","D2","unknown","MTHR",0.706,0.904,98,0.1395,0.33768952684106,"LW","WLM","(-0.11436899631094) + 0.500064738*Width",37.64816671
"206","D2","unknown","MTHR",0.421,0.384,98,0.1395,0.07765586308106,"LW","WLM","(-0.11436899631094) + 0.500064738*Width",37.64816671
"207","D2","unknown","PAGR",2.267,1.024,66,0.941,1.42365091925725,"LW","WLM","(-0.776058731686753) + 2.148153956*Width",37.64816671
"208","D2","unknown","PAGR",1.509,0.655,66,0.941,0.630982109493247,"LW","WLM","(-0.776058731686753) + 2.148153956*Width",37.64816671
"209","D5","unknown","AMPH",NA,NA,3,0.0315,0.0315,"median","MEDIAN","0.0315",74.38914868
"210","D5","unknown","FISH",NA,NA,16,1.1945,1.1945,"median","LPOLY","1.4699375 +  2.71207313*Length + 2.921313086*Length^2",74.38914868
"211","D5","unknown","FISH",NA,NA,16,1.1945,1.1945,"median","LPOLY","1.4699375 +  2.71207313*Length + 2.921313086*Length^2",74.38914868
"212","D5","unknown","FISH",NA,NA,16,1.1945,1.1945,"median","LPOLY","1.4699375 +  2.71207313*Length + 2.921313086*Length^2",74.38914868
"213","D5","unknown","GLRH",0.633,0.521,68,0.497,0.951803210550992,"LW","Lpower","0.553638519364288 + Length^2.013820376",74.38914868
"214","D5","unknown","GLRH",0.322,0.248,68,0.497,0.655711342456466,"LW","Lpower","0.553638519364288 + Length^2.013820376",74.38914868
"215","D5","unknown","MTHR",0.379,0.373,98,0.1395,0.07215515096306,"LW","WLM","(-0.11436899631094) + 0.500064738*Width",74.38914868
"216","D5","unknown","MTHR",0.601,0.455,98,0.1395,0.11316045947906,"LW","WLM","(-0.11436899631094) + 0.500064738*Width",74.38914868
"217","D5","unknown","MTHR",0.696,0.624,98,0.1395,0.19767140020106,"LW","WLM","(-0.11436899631094) + 0.500064738*Width",74.38914868
"218","D5","unknown","MTHR",0.715,0.65,98,0.1395,0.21067308338906,"LW","WLM","(-0.11436899631094) + 0.500064738*Width",74.38914868
"219","D5","unknown","MTHR",0.699,0.708,98,0.1395,0.23967683819306,"LW","WLM","(-0.11436899631094) + 0.500064738*Width",74.38914868
"220","D5","unknown","MTHR",0.486,0.399,98,0.1395,0.08515683415106,"LW","WLM","(-0.11436899631094) + 0.500064738*Width",74.38914868
"221","D5","unknown","MTHR",0.368,0.301,98,0.1395,0.03615048982706,"LW","WLM","(-0.11436899631094) + 0.500064738*Width",74.38914868
"222","D5","unknown","MTHR",0.452,0.389,98,0.1395,0.08015618677106,"LW","WLM","(-0.11436899631094) + 0.500064738*Width",74.38914868
"223","D5","unknown","MTHR",0.447,0.355,98,0.1395,0.06315398567906,"LW","WLM","(-0.11436899631094) + 0.500064738*Width",74.38914868
"224","D5","unknown","MTHR",0.563,0.411,98,0.1395,0.09115761100706,"LW","WLM","(-0.11436899631094) + 0.500064738*Width",74.38914868
"225","D5","unknown","MTHR",0.647,0.636,98,0.1395,0.20367217705706,"LW","WLM","(-0.11436899631094) + 0.500064738*Width",74.38914868
"226","D5","unknown","MTHR",0.521,0.379,98,0.1395,0.07515553939106,"LW","WLM","(-0.11436899631094) + 0.500064738*Width",74.38914868
"227","D5","unknown","MTHR",0.47,0.361,98,0.1395,0.06615437410706,"LW","WLM","(-0.11436899631094) + 0.500064738*Width",74.38914868
"228","D5","unknown","MTHR",0.589,0.46,98,0.1395,0.11566078316906,"LW","WLM","(-0.11436899631094) + 0.500064738*Width",74.38914868
"229","D5","unknown","MTHR",NA,NA,98,0.1395,0.1395,"median","WLM","(-0.11436899631094) + 0.500064738*Width",74.38914868
"230","D5","unknown","MTHR",NA,NA,98,0.1395,0.1395,"median","WLM","(-0.11436899631094) + 0.500064738*Width",74.38914868
"231","D5","unknown","MTHR",NA,NA,98,0.1395,0.1395,"median","WLM","(-0.11436899631094) + 0.500064738*Width",74.38914868
"232","D5","unknown","MTHR",NA,NA,98,0.1395,0.1395,"median","WLM","(-0.11436899631094) + 0.500064738*Width",74.38914868
"233","D5","unknown","MTHR",NA,NA,98,0.1395,0.1395,"median","WLM","(-0.11436899631094) + 0.500064738*Width",74.38914868
"234","D5","unknown","MTHR",NA,NA,98,0.1395,0.1395,"median","WLM","(-0.11436899631094) + 0.500064738*Width",74.38914868
"235","D5","unknown","MTHR",NA,NA,98,0.1395,0.1395,"median","WLM","(-0.11436899631094) + 0.500064738*Width",74.38914868
"236","D5","unknown","MTHR",NA,NA,98,0.1395,0.1395,"median","WLM","(-0.11436899631094) + 0.500064738*Width",74.38914868
"237","D5","unknown","MTHR",NA,NA,98,0.1395,0.1395,"median","WLM","(-0.11436899631094) + 0.500064738*Width",74.38914868
"238","D5","unknown","MTHR",NA,NA,98,0.1395,0.1395,"median","WLM","(-0.11436899631094) + 0.500064738*Width",74.38914868
"239","D5","unknown","MTHR",NA,NA,98,0.1395,0.1395,"median","WLM","(-0.11436899631094) + 0.500064738*Width",74.38914868
"240","D5","unknown","MTHR",NA,NA,98,0.1395,0.1395,"median","WLM","(-0.11436899631094) + 0.500064738*Width",74.38914868
"241","D5","unknown","MTHR",NA,NA,98,0.1395,0.1395,"median","WLM","(-0.11436899631094) + 0.500064738*Width",74.38914868
"242","D5","unknown","MTHR",NA,NA,98,0.1395,0.1395,"median","WLM","(-0.11436899631094) + 0.500064738*Width",74.38914868
"243","D5","unknown","MTHR",NA,NA,98,0.1395,0.1395,"median","WLM","(-0.11436899631094) + 0.500064738*Width",74.38914868
"244","D5","unknown","MTHR",NA,NA,98,0.1395,0.1395,"median","WLM","(-0.11436899631094) + 0.500064738*Width",74.38914868
"245","D5","unknown","MTHR",NA,NA,98,0.1395,0.1395,"median","WLM","(-0.11436899631094) + 0.500064738*Width",74.38914868
"246","D5","unknown","MTHR",NA,NA,98,0.1395,0.1395,"median","WLM","(-0.11436899631094) + 0.500064738*Width",74.38914868
"247","D5","unknown","MTHR",NA,NA,98,0.1395,0.1395,"median","WLM","(-0.11436899631094) + 0.500064738*Width",74.38914868
"248","D5","unknown","MTHR",NA,NA,98,0.1395,0.1395,"median","WLM","(-0.11436899631094) + 0.500064738*Width",74.38914868
"249","D5","unknown","MTHR",NA,NA,98,0.1395,0.1395,"median","WLM","(-0.11436899631094) + 0.500064738*Width",74.38914868
"250","D5","unknown","MTHR",NA,NA,98,0.1395,0.1395,"median","WLM","(-0.11436899631094) + 0.500064738*Width",74.38914868
"251","D5","unknown","OPHR",NA,NA,27,0.1,0.1,"median","WLM","0.17529811468193648 + 0.049495389*Width",74.38914868
"252","D5","unknown","POLY",1.006,0.077,61,0.137,1.13839554328956,"LW","Lpower","0.134061610163335 + Length^0.722921576",74.38914868
"253","D5","unknown","POLY",2.792,0.223,61,0.137,2.23475115433197,"LW","Lpower","0.134061610163335 + Length^0.722921576",74.38914868
"254","D5","unknown","POLY",1.24,1.19,61,0.137,1.30231366040862,"LW","Lpower","0.134061610163335 + Length^0.722921576",74.38914868
"255","D6","unknown","MTHR",NA,NA,98,0.1395,0.1395,"median","WLM","(-0.11436899631094) + 0.500064738*Width",22.22602613
"256","D6","unknown","MTHR",7.997,6.333,98,0.1395,3.05254098944306,"LW","WLM","(-0.11436899631094) + 0.500064738*Width",22.22602613
"257","D6","unknown","MTHR",NA,NA,98,0.1395,0.1395,"median","WLM","(-0.11436899631094) + 0.500064738*Width",22.22602613
"258","D6","unknown","MTHR",0.748,0.45,98,0.1395,0.11066013578906,"LW","WLM","(-0.11436899631094) + 0.500064738*Width",22.22602613
"259","D6","unknown","PAGR",NA,NA,66,0.941,0.941,"median","WLM","(-0.776058731686753) + 2.148153956*Width",22.22602613
"260","D6","unknown","POLY",2.391,0.089,61,0.137,2.01200866420171,"LW","Lpower","0.134061610163335 + Length^0.722921576",22.22602613
"261","D6","unknown","POLY",1.245,0.099,61,0.137,1.3057172234379,"LW","Lpower","0.134061610163335 + Length^0.722921576",22.22602613
"262","D6","unknown","POLY",1.191,0.084,61,0.137,1.2687542824487,"LW","Lpower","0.134061610163335 + Length^0.722921576",22.22602613
"263","D7","unknown","MTHR",0.629,0.357,98,0.1395,0.06415411515506,"LW","WLM","(-0.11436899631094) + 0.500064738*Width",119.7483857
"264","D7","unknown","OPHR",0.596,0.503,27,0.1,0.200194295348936,"LW","WLM","0.17529811468193648 + 0.049495389*Width",119.7483857
"265","D7","unknown","OPHR",0.558,0.526,27,0.1,0.201332689295936,"LW","WLM","0.17529811468193648 + 0.049495389*Width",119.7483857
"266","D7","unknown","OPHR",0.363,0.372,27,0.1,0.193710399389936,"LW","WLM","0.17529811468193648 + 0.049495389*Width",119.7483857
"267","D7","unknown","OPHR",NA,NA,27,0.1,0.1,"median","WLM","0.17529811468193648 + 0.049495389*Width",119.7483857
"268","D7","unknown","OPHR",NA,NA,27,0.1,0.1,"median","WLM","0.17529811468193648 + 0.049495389*Width",119.7483857
"269","D7","unknown","OPHR",NA,NA,27,0.1,0.1,"median","WLM","0.17529811468193648 + 0.049495389*Width",119.7483857
"270","D7","unknown","OPHR",NA,NA,27,0.1,0.1,"median","WLM","0.17529811468193648 + 0.049495389*Width",119.7483857
"271","D7","unknown","OPHR",NA,NA,27,0.1,0.1,"median","WLM","0.17529811468193648 + 0.049495389*Width",119.7483857
"272","D7","unknown","PAGR",1.393,0.934,66,0.941,1.23031706321725,"LW","WLM","(-0.776058731686753) + 2.148153956*Width",119.7483857
"273","D7","unknown","POLY",2.557,0.407,61,0.137,2.10538257439865,"LW","Lpower","0.134061610163335 + Length^0.722921576",119.7483857
"274","D8","unknown","BIVL",NA,NA,78,0.2675,0.2675,"median","Wpower","0.428511457562805 +Width^2.183944642",13.6077711
"275","D8","unknown","GLRH",0.826,0.531,68,0.497,1.23411438647657,"LW","Lpower","0.553638519364288 + Length^2.013820376",13.6077711
"276","D8","unknown","GLRH",1.048,0.582,68,0.497,1.65265439471151,"LW","Lpower","0.553638519364288 + Length^2.013820376",13.6077711
"277","D8","unknown","GLRH",0.732,0.504,68,0.497,1.08715722934721,"LW","Lpower","0.553638519364288 + Length^2.013820376",13.6077711
"278","D8","unknown","GLRH",0.705,0.564,68,0.497,1.04826817439235,"LW","Lpower","0.553638519364288 + Length^2.013820376",13.6077711
"279","D8","unknown","GLRH",0.517,0.446,68,0.497,0.818501594950824,"LW","Lpower","0.553638519364288 + Length^2.013820376",13.6077711
"280","D8","unknown","GLRH",0.602,0.388,68,0.497,0.913509579410519,"LW","Lpower","0.553638519364288 + Length^2.013820376",13.6077711
"281","D8","unknown","MTHR",1.061,0.9,98,0.1395,0.33568926788906,"LW","WLM","(-0.11436899631094) + 0.500064738*Width",13.6077711
"282","D8","unknown","MTHR",1.075,0.962,98,0.1395,0.36669328164506,"LW","WLM","(-0.11436899631094) + 0.500064738*Width",13.6077711
"283","D8","unknown","MTHR",NA,NA,98,0.1395,0.1395,"median","WLM","(-0.11436899631094) + 0.500064738*Width",13.6077711
"284","D8","unknown","MTHR",0.427,0.335,98,0.1395,0.05315269091906,"LW","WLM","(-0.11436899631094) + 0.500064738*Width",13.6077711
"285","D8","unknown","MTHR",NA,NA,98,0.1395,0.1395,"median","WLM","(-0.11436899631094) + 0.500064738*Width",13.6077711
"286","D8","unknown","POLY",2.439,0.371,61,0.137,2.03918787721569,"LW","Lpower","0.134061610163335 + Length^0.722921576",13.6077711
"287","D10","unknown","DOME",0.617,0.359,NA,NA,0.01,"median",NA,NA,268.0730907
"288","D10","unknown","FISH",2.017,1.072,16,1.1945,1.1945,"median","LPOLY","1.4699375 +  2.71207313*Length + 2.921313086*Length^2",268.0730907
"289","D10","unknown","FISH",1.412,0.641,16,1.1945,1.1945,"median","LPOLY","1.4699375 +  2.71207313*Length + 2.921313086*Length^2",268.0730907
"290","D10","unknown","FISH",NA,NA,16,1.1945,1.1945,"median","LPOLY","1.4699375 +  2.71207313*Length + 2.921313086*Length^2",268.0730907
"291","D10","unknown","FISH",NA,NA,16,1.1945,1.1945,"median","LPOLY","1.4699375 +  2.71207313*Length + 2.921313086*Length^2",268.0730907
"292","D10","unknown","GAST",0.672,1.307,123,0.431,0.209165304509684,"LW","LLM","(-0.258878291874316) + 0.696493447*Length",268.0730907
"293","D10","unknown","GLRH",0.339,0.196,68,0.497,0.666854199419716,"LW","Lpower","0.553638519364288 + Length^2.013820376",235.41444
"294","D10","unknown","GLRH",NA,NA,68,0.497,0.497,"median","Lpower","0.553638519364288 + Length^2.013820376",235.41444
"295","D10","unknown","GLRH",0.507,0.35,68,0.497,0.808285785351615,"LW","Lpower","0.553638519364288 + Length^2.013820376",268.0730907
"296","D10","unknown","GLRH",0.398,0.555,68,0.497,0.710038385771061,"LW","Lpower","0.553638519364288 + Length^2.013820376",268.0730907
"297","D10","unknown","MTHR",NA,NA,98,0.1395,0.1395,"median","WLM","(-0.11436899631094) + 0.500064738*Width",268.0730907
"298","D10","unknown","MTHR",0.38,0.379,98,0.1395,0.07515553939106,"LW","WLM","(-0.11436899631094) + 0.500064738*Width",268.0730907
"299","D10","unknown","MTHR",1.488,1.071,98,0.1395,0.42120033808706,"LW","WLM","(-0.11436899631094) + 0.500064738*Width",268.0730907
"300","D10","unknown","MTHR",0.525,0.473,98,0.1395,0.12216162476306,"LW","WLM","(-0.11436899631094) + 0.500064738*Width",268.0730907
"301","D10","unknown","MTHR",0.865,0.733,98,0.1395,0.25217845664306,"LW","WLM","(-0.11436899631094) + 0.500064738*Width",268.0730907
"302","D10","unknown","MTHR",0.585,0.533,98,0.1395,0.15216550904306,"LW","WLM","(-0.11436899631094) + 0.500064738*Width",268.0730907
"303","D10","unknown","MTHR",0.537,0.478,98,0.1395,0.12466194845306,"LW","WLM","(-0.11436899631094) + 0.500064738*Width",268.0730907
"304","D10","unknown","MTHR",0.407,0.247,98,0.1395,0.01,"LW","WLM","(-0.11436899631094) + 0.500064738*Width",268.0730907
"305","D10","unknown","MTHR",0.612,0.584,98,0.1395,0.17766881068106,"LW","WLM","(-0.11436899631094) + 0.500064738*Width",268.0730907
"306","D10","unknown","MTHR",NA,NA,98,0.1395,0.1395,"median","WLM","(-0.11436899631094) + 0.500064738*Width",268.0730907
"307","D10","unknown","MTHR",0.435,0.322,98,0.1395,0.04665184932506,"LW","WLM","(-0.11436899631094) + 0.500064738*Width",268.0730907
"308","D10","unknown","MTHR",0.783,0.407,98,0.1395,0.08915735205506,"LW","WLM","(-0.11436899631094) + 0.500064738*Width",268.0730907
"309","D10","unknown","MTHR",0.585,0.506,98,0.1395,0.13866376111706,"LW","WLM","(-0.11436899631094) + 0.500064738*Width",268.0730907
"310","D10","unknown","MTHR",0.383,0.261,98,0.1395,0.01614790030706,"LW","WLM","(-0.11436899631094) + 0.500064738*Width",268.0730907
"311","D10","unknown","MTHR",0.315,0.313,98,0.1395,0.04215126668306,"LW","WLM","(-0.11436899631094) + 0.500064738*Width",268.0730907
"312","D10","unknown","MTHR",0.367,0.253,98,0.1395,0.01214738240306,"LW","WLM","(-0.11436899631094) + 0.500064738*Width",268.0730907
"313","D10","unknown","MTHR",0.366,0.264,98,0.1395,0.01764809452106,"LW","WLM","(-0.11436899631094) + 0.500064738*Width",268.0730907
"314","D10","unknown","MTHR",0.507,0.439,98,0.1395,0.10515942367106,"LW","WLM","(-0.11436899631094) + 0.500064738*Width",268.0730907
"315","D10","unknown","MTHR",0.461,0.376,98,0.1395,0.07365534517706,"LW","WLM","(-0.11436899631094) + 0.500064738*Width",268.0730907
"316","D10","unknown","MTHR",0.591,0.457,98,0.1395,0.11416058895506,"LW","WLM","(-0.11436899631094) + 0.500064738*Width",268.0730907
"317","D10","unknown","MTHR",0.495,0.406,98,0.1395,0.08865728731706,"LW","WLM","(-0.11436899631094) + 0.500064738*Width",268.0730907
"318","D10","unknown","MTHR",1.362,1.194,98,0.1395,0.48270830086106,"LW","WLM","(-0.11436899631094) + 0.500064738*Width",268.0730907
"319","D10","unknown","MTHR",0.797,0.519,98,0.1395,0.14516460271106,"LW","WLM","(-0.11436899631094) + 0.500064738*Width",268.0730907
"320","D10","unknown","MTHR",0.348,0.271,98,0.1395,0.02114854768706,"LW","WLM","(-0.11436899631094) + 0.500064738*Width",268.0730907
"321","D10","unknown","MTHR",0.415,0.347,98,0.1395,0.05915346777506,"LW","WLM","(-0.11436899631094) + 0.500064738*Width",268.0730907
"322","D10","unknown","MTHR",0.521,0.359,98,0.1395,0.06515424463106,"LW","WLM","(-0.11436899631094) + 0.500064738*Width",268.0730907
"323","D10","unknown","MTHR",0.373,0.36,98,0.1395,0.06565430936906,"LW","WLM","(-0.11436899631094) + 0.500064738*Width",268.0730907
"324","D10","unknown","MTHR",1.394,1.291,98,0.1395,0.53121458044706,"LW","WLM","(-0.11436899631094) + 0.500064738*Width",268.0730907
"325","D10","unknown","MTHR",0.367,0.249,98,0.1395,0.01014712345106,"LW","WLM","(-0.11436899631094) + 0.500064738*Width",268.0730907
"326","D10","unknown","MTHR",0.351,0.323,98,0.1395,0.04715191406306,"LW","WLM","(-0.11436899631094) + 0.500064738*Width",268.0730907
"327","D10","unknown","MTHR",0.677,0.442,98,0.1395,0.10665961788506,"LW","WLM","(-0.11436899631094) + 0.500064738*Width",268.0730907
"328","D10","unknown","MTHR",0.661,0.443,98,0.1395,0.10715968262306,"LW","WLM","(-0.11436899631094) + 0.500064738*Width",268.0730907
"329","D10","unknown","MTHR",0.511,0.357,98,0.1395,0.06415411515506,"LW","WLM","(-0.11436899631094) + 0.500064738*Width",268.0730907
"330","D10","unknown","MTHR",0.853,0.494,98,0.1395,0.13266298426106,"LW","WLM","(-0.11436899631094) + 0.500064738*Width",268.0730907
"331","D10","unknown","MTHR",0.563,0.423,98,0.1395,0.09715838786306,"LW","WLM","(-0.11436899631094) + 0.500064738*Width",268.0730907
"332","D10","unknown","MTHR",0.658,0.484,98,0.1395,0.12766233688106,"LW","WLM","(-0.11436899631094) + 0.500064738*Width",268.0730907
"333","D10","unknown","MTHR",0.245,0.241,98,0.1395,0.01,"LW","WLM","(-0.11436899631094) + 0.500064738*Width",268.0730907
"334","D10","unknown","MTHR",0.577,0.565,98,0.1395,0.16816758065906,"LW","WLM","(-0.11436899631094) + 0.500064738*Width",268.0730907
"335","D10","unknown","MTHR",0.578,0.418,98,0.1395,0.09465806417306,"LW","WLM","(-0.11436899631094) + 0.500064738*Width",268.0730907
"336","D10","unknown","MTHR",0.878,0.62,98,0.1395,0.19567114124906,"LW","WLM","(-0.11436899631094) + 0.500064738*Width",268.0730907
"337","D10","unknown","MTHR",0.319,0.313,98,0.1395,0.04215126668306,"LW","WLM","(-0.11436899631094) + 0.500064738*Width",268.0730907
"338","D10","unknown","PAGR",0.675,0.397,66,0.941,0.076758388845247,"LW","WLM","(-0.776058731686753) + 2.148153956*Width",235.41444
"339","D10","unknown","POLY",NA,NA,61,0.137,0.137,"median","Lpower","0.134061610163335 + Length^0.722921576",268.0730907
"340","D10","unknown","POLY",1.45,0.185,61,0.137,1.44220819124108,"LW","Lpower","0.134061610163335 + Length^0.722921576",268.0730907
"341","D10","unknown","POLY",2.691,0.762,61,0.137,2.17953525397788,"LW","Lpower","0.134061610163335 + Length^0.722921576",235.41444
"342","D10","unknown","POLY",NA,NA,61,0.137,0.137,"median","Lpower","0.134061610163335 + Length^0.722921576",268.0730907
"343","D10","unknown","XNTH",0.783,0.321,3,0.416,0.416,"median","MEDIAN","0.416",235.41444
"344","D10","unknown","XNTH",0.578,0.358,3,0.416,0.416,"median","MEDIAN","0.416",235.41444
"345","D11","unknown","GLRH",0.698,0.454,68,0.497,1.03842764379652,"LW","Lpower","0.553638519364288 + Length^2.013820376",27.2155422
"346","D11","unknown","GLRH",0.562,0.374,68,0.497,0.866977115221525,"LW","Lpower","0.553638519364288 + Length^2.013820376",27.2155422
"347","D11","unknown","MTHR",0.481,NA,98,0.1395,0.1395,"median","WLM","(-0.11436899631094) + 0.500064738*Width",27.2155422
"348","D11","unknown","MTHR",0.392,0.202,98,0.1395,0.01,"LW","WLM","(-0.11436899631094) + 0.500064738*Width",27.2155422
"349","D11","unknown","MTHR",0.373,0.295,98,0.1395,0.03315010139906,"LW","WLM","(-0.11436899631094) + 0.500064738*Width",27.2155422
"350","D11","unknown","MTHR",NA,NA,98,0.1395,0.1395,"median","WLM","(-0.11436899631094) + 0.500064738*Width",27.2155422
"351","D11","unknown","MTHR",0.692,NA,98,0.1395,0.1395,"median","WLM","(-0.11436899631094) + 0.500064738*Width",27.2155422
"352","D11","unknown","POLY",5.3,0.67,61,0.137,3.47289427056267,"LW","Lpower","0.134061610163335 + Length^0.722921576",27.2155422
"353","D11","unknown","POLY",2.801,0.191,61,0.137,2.23964428069051,"LW","Lpower","0.134061610163335 + Length^0.722921576",27.2155422
"354","D12","unknown","CARD",2.847,0.429,126,0.0745,0.418814242741754,"LW","LLM","(-0.249349738873246) + 0.234690545*Length",28.12272694
"355","D12","unknown","CARD",NA,NA,126,0.0745,0.0745,"median","LLM","(-0.249349738873246) + 0.234690545*Length",28.12272694
"356","D12","unknown","CARD",NA,NA,126,0.0745,0.0745,"median","LLM","(-0.249349738873246) + 0.234690545*Length",28.12272694
"357","D12","unknown","CHIT",0.665,0.343,NA,NA,0.01,"median",NA,NA,28.12272694
"358","D12","unknown","ECHN",0.598,0.558,14,0.086,0.086,"median","WLM","0.0997405215073031 + 0.3003669330397085*Width",28.12272694
"359","D12","unknown","GAST",2.363,0.977,123,0.431,1.38693572338668,"LW","LLM","(-0.258878291874316) + 0.696493447*Length",28.12272694
"360","D12","unknown","GAST",NA,NA,123,0.431,0.431,"median","LLM","(-0.258878291874316) + 0.696493447*Length",28.12272694
"361","D12","unknown","GAST",2.276,1.064,123,0.431,1.32634079349768,"LW","LLM","(-0.258878291874316) + 0.696493447*Length",28.12272694
"362","D12","unknown","GAST",1.944,0.79,123,0.431,1.09510496909368,"LW","LLM","(-0.258878291874316) + 0.696493447*Length",28.12272694
"363","D12","unknown","GAST",NA,NA,123,0.431,0.431,"median","LLM","(-0.258878291874316) + 0.696493447*Length",28.12272694
"364","D12","unknown","GAST",2.484,1.15,123,0.431,1.47121143047368,"LW","LLM","(-0.258878291874316) + 0.696493447*Length",28.12272694
"365","D12","unknown","GLRH",0.499,0.424,68,0.497,0.800258765735368,"LW","Lpower","0.553638519364288 + Length^2.013820376",28.12272694
"366","D12","unknown","GLRH",0.764,0.542,68,0.497,1.13516704558626,"LW","Lpower","0.553638519364288 + Length^2.013820376",28.12272694
"367","D12","unknown","GLRH",0.47,0.468,68,0.497,0.772245479410626,"LW","Lpower","0.553638519364288 + Length^2.013820376",28.12272694
"368","D12","unknown","HCOR",2.384,1.669,5,2.513,2.513,"median","WPOLY","3.33539999999999 + 4.501470698*Width + 0.842919605*Width^2",28.12272694
"369","D12","unknown","HCOR",4.753,0.793,5,2.513,2.513,"median","WPOLY","3.33539999999999 + 4.501470698*Width + 0.842919605*Width^2",28.12272694
"370","D12","unknown","MTHR",0.847,0.719,98,0.1395,0.24517755031106,"LW","WLM","(-0.11436899631094) + 0.500064738*Width",28.12272694
"371","D12","unknown","MTHR",0.418,0.407,98,0.1395,0.08915735205506,"LW","WLM","(-0.11436899631094) + 0.500064738*Width",28.12272694
"372","D12","unknown","MTHR",NA,NA,98,0.1395,0.1395,"median","WLM","(-0.11436899631094) + 0.500064738*Width",28.12272694
"373","D12","unknown","MTHR",NA,NA,98,0.1395,0.1395,"median","WLM","(-0.11436899631094) + 0.500064738*Width",28.12272694
"374","D12","unknown","OPHR",NA,NA,27,0.1,0.1,"median","WLM","0.17529811468193648 + 0.049495389*Width",28.12272694
"375","D12","unknown","OPHR",NA,NA,27,0.1,0.1,"median","WLM","0.17529811468193648 + 0.049495389*Width",28.12272694
"376","D12","unknown","OPHR",NA,NA,27,0.1,0.1,"median","WLM","0.17529811468193648 + 0.049495389*Width",28.12272694
"377","D12","unknown","OPHR",NA,NA,27,0.1,0.1,"median","WLM","0.17529811468193648 + 0.049495389*Width",28.12272694
"378","D12","unknown","OPHR",NA,NA,27,0.1,0.1,"median","WLM","0.17529811468193648 + 0.049495389*Width",28.12272694
"379","D12","unknown","PAGR",1.505,0.853,66,0.941,1.05631659278125,"LW","WLM","(-0.776058731686753) + 2.148153956*Width",28.12272694
"380","D12","unknown","PAGR",1.89,0.797,66,0.941,0.936019971245247,"LW","WLM","(-0.776058731686753) + 2.148153956*Width",28.12272694
"381","D12","unknown","POLY",0.525,0.144,61,0.137,0.761682113140616,"LW","Lpower","0.134061610163335 + Length^0.722921576",28.12272694
"382","D12","unknown","POLY",4.158,0.242,61,0.137,2.93565398850881,"LW","Lpower","0.134061610163335 + Length^0.722921576",28.12272694
"383","D12","unknown","STOM",1.414,0.255,14,1.033,1.033,"median","LLM","0.266401061046541+ 0.259594548*Length",28.12272694
"384","D12","unknown","XNTH",0.455,0.324,3,0.416,0.416,"median","MEDIAN","0.416",28.12272694
"385","D12","unknown","XNTH",0.227,0.16,3,0.416,0.416,"median","MEDIAN","0.416",28.12272694
"386","D14","unknown","BIVL",7.907,6.954,78,0.2675,69.5151290416796,"LW","Wpower","0.428511457562805 +Width^2.183944642",73.48196394
"387","D14","unknown","BIVL",7.566,5.468,78,0.2675,41.2958741523673,"LW","Wpower","0.428511457562805 +Width^2.183944642",73.48196394
"388","D14","unknown","BIVL",7.516,6.549,78,0.2675,61.0296798253119,"LW","Wpower","0.428511457562805 +Width^2.183944642",73.48196394
"389","D14","unknown","BIVL",7.956,7.61,78,0.2675,84.5477434046847,"LW","Wpower","0.428511457562805 +Width^2.183944642",73.48196394
"390","D14","unknown","BIVL",5.821,5.795,78,0.2675,46.8230086661829,"LW","Wpower","0.428511457562805 +Width^2.183944642",73.48196394
"391","D14","unknown","CARD",3.561,0.776,126,0.0745,0.586383291871754,"LW","LLM","(-0.249349738873246) + 0.234690545*Length",73.48196394
"392","D14","unknown","CARD",1.19,0.217,126,0.0745,0.029932009676754,"LW","LLM","(-0.249349738873246) + 0.234690545*Length",73.48196394
"393","D14","unknown","CARD",2.088,0.564,126,0.0745,0.240684119086754,"LW","LLM","(-0.249349738873246) + 0.234690545*Length",73.48196394
"394","D14","unknown","CARD",1.98,0.396,126,0.0745,0.215337540226754,"LW","LLM","(-0.249349738873246) + 0.234690545*Length",73.48196394
"395","D14","unknown","CARD",1.812,0.39,126,0.0745,0.175909528666754,"LW","LLM","(-0.249349738873246) + 0.234690545*Length",73.48196394
"396","D14","unknown","GLRH",1.697,0.364,68,0.497,3.4545733603493,"LW","Lpower","0.553638519364288 + Length^2.013820376",73.48196394
"397","D14","unknown","MTHR",0.736,0.523,98,0.1395,0.14716486166306,"LW","WLM","(-0.11436899631094) + 0.500064738*Width",73.48196394
"398","D14","unknown","MTHR",NA,NA,98,0.1395,0.1395,"median","WLM","(-0.11436899631094) + 0.500064738*Width",73.48196394
"399","D14","unknown","MTHR",1.298,0.445,98,0.1395,0.10815981209906,"LW","WLM","(-0.11436899631094) + 0.500064738*Width",73.48196394
"400","D14","unknown","MTHR",1.259,0.368,98,0.1395,0.06965482727306,"LW","WLM","(-0.11436899631094) + 0.500064738*Width",73.48196394
"401","D14","unknown","MTHR",2.658,0.699,98,0.1395,0.23517625555106,"LW","WLM","(-0.11436899631094) + 0.500064738*Width",73.48196394
"402","D14","unknown","POLY",NA,NA,61,0.137,0.137,"median","Lpower","0.134061610163335 + Length^0.722921576",73.48196394
"403","D14","unknown","POLY",1.739,0.28,61,0.137,1.62588616962012,"LW","Lpower","0.134061610163335 + Length^0.722921576",73.48196394
"404","D14","unknown","POLY",2.775,0.292,61,0.137,2.2254966383279,"LW","Lpower","0.134061610163335 + Length^0.722921576",73.48196394
"405","D14","unknown","POLY",NA,NA,61,0.137,0.137,"median","Lpower","0.134061610163335 + Length^0.722921576",73.48196394
"406","D14","unknown","POLY",2.523,0.38,61,0.137,2.08639801322579,"LW","Lpower","0.134061610163335 + Length^0.722921576",73.48196394
"407","D14","unknown","POLY",4.66,0.277,61,0.137,3.17628149210184,"LW","Lpower","0.134061610163335 + Length^0.722921576",73.48196394
"408","D14","unknown","POLY",1.786,0.499,61,0.137,1.65492616400308,"LW","Lpower","0.134061610163335 + Length^0.722921576",73.48196394
"409","D14","unknown","POLY",NA,NA,61,0.137,0.137,"median","Lpower","0.134061610163335 + Length^0.722921576",73.48196394
"410","D14","unknown","POLY",NA,NA,61,0.137,0.137,"median","Lpower","0.134061610163335 + Length^0.722921576",73.48196394
"411","D14","unknown","POLY",3.235,0.269,61,0.137,2.47074096610215,"LW","Lpower","0.134061610163335 + Length^0.722921576",73.48196394
"412","D14","unknown","POLY",3.324,0.313,61,0.137,2.51703944713074,"LW","Lpower","0.134061610163335 + Length^0.722921576",73.48196394
"413","D14","unknown","POLY",12.087,0.26,61,0.137,6.19348657297916,"LW","Lpower","0.134061610163335 + Length^0.722921576",73.48196394
"414","D14","unknown","POLY",1.133,0.109,61,0.137,1.22853188757337,"LW","Lpower","0.134061610163335 + Length^0.722921576",73.48196394
"415","D14","unknown","XNTH",6.552,1.856,3,0.416,0.416,"median","MEDIAN","0.416",73.48196394
"416","D14","unknown","XNTH",NA,NA,3,0.416,0.416,"median","MEDIAN","0.416",73.48196394
"417","D16","unknown","BIVL",1.216,0.933,78,0.2675,1.28796652630721,"LW","Wpower","0.428511457562805 +Width^2.183944642",145.1495584
"418","D16","unknown","BIVL",1.002,0.772,78,0.2675,0.996791501300703,"LW","Wpower","0.428511457562805 +Width^2.183944642",145.1495584
"419","D16","unknown","BIVL",1.038,0.931,78,0.2675,1.28394804666131,"LW","Wpower","0.428511457562805 +Width^2.183944642",145.1495584
"420","D16","unknown","BIVL",NA,NA,78,0.2675,0.2675,"median","Wpower","0.428511457562805 +Width^2.183944642",145.1495584
"421","D16","unknown","BIVL",0.755,0.642,78,0.2675,0.808409587543037,"LW","Wpower","0.428511457562805 +Width^2.183944642",145.1495584
"422","D16","unknown","BIVL",2.15,0.29,78,0.2675,0.495485573250335,"LW","Wpower","0.428511457562805 +Width^2.183944642",145.1495584
"423","D16","unknown","CARD",NA,NA,126,0.0745,0.0745,"median","LLM","(-0.249349738873246) + 0.234690545*Length",145.1495584
"424","D16","unknown","CARD",1.296,0.562,126,0.0745,0.054809207446754,"LW","LLM","(-0.249349738873246) + 0.234690545*Length",145.1495584
"425","D16","unknown","CARD",1.947,0.397,126,0.0745,0.207592752241754,"LW","LLM","(-0.249349738873246) + 0.234690545*Length",145.1495584
"426","D16","unknown","CARD",NA,NA,126,0.0745,0.0745,"median","LLM","(-0.249349738873246) + 0.234690545*Length",145.1495584
"427","D16","unknown","CARD",1.382,0.651,126,0.0745,0.074992594316754,"LW","LLM","(-0.249349738873246) + 0.234690545*Length",145.1495584
"428","D16","unknown","CARD",1.176,0.359,126,0.0745,0.026646342046754,"LW","LLM","(-0.249349738873246) + 0.234690545*Length",145.1495584
"429","D16","unknown","ECHN",0.667,0.524,14,0.086,0.086,"median","WLM","0.0997405215073031 + 0.3003669330397085*Width",145.1495584
"430","D16","unknown","GAST",1.327,0.796,123,0.431,0.665368512294684,"LW","LLM","(-0.258878291874316) + 0.696493447*Length",145.1495584
"431","D16","unknown","GAST",NA,NA,123,0.431,0.431,"median","LLM","(-0.258878291874316) + 0.696493447*Length",145.1495584
"432","D16","unknown","GAST",1.641,0.945,123,0.431,0.884067454652684,"LW","LLM","(-0.258878291874316) + 0.696493447*Length",145.1495584
"433","D16","unknown","GAST",0.979,0.769,123,0.431,0.422988792738684,"LW","LLM","(-0.258878291874316) + 0.696493447*Length",145.1495584
"434","D16","unknown","GAST",0.776,0.43,123,0.431,0.281600622997684,"LW","LLM","(-0.258878291874316) + 0.696493447*Length",145.1495584
"435","D16","unknown","MTHR",0.505,0.755,98,0.1395,0.26317988087906,"LW","WLM","(-0.11436899631094) + 0.500064738*Width",145.1495584
"436","D16","unknown","MTHR",0.756,0.823,98,0.1395,0.29718428306306,"LW","WLM","(-0.11436899631094) + 0.500064738*Width",145.1495584
"437","D16","unknown","MTHR",0.633,0.424,98,0.1395,0.09765845260106,"LW","WLM","(-0.11436899631094) + 0.500064738*Width",145.1495584
"438","D16","unknown","MTHR",1.254,0.767,98,0.1395,0.26918065773506,"LW","WLM","(-0.11436899631094) + 0.500064738*Width",145.1495584
"439","D16","unknown","MTHR",0.332,0.663,98,0.1395,0.21717392498306,"LW","WLM","(-0.11436899631094) + 0.500064738*Width",145.1495584
"440","D16","unknown","MTHR",0.412,0.296,98,0.1395,0.03365016613706,"LW","WLM","(-0.11436899631094) + 0.500064738*Width",145.1495584
"441","D16","unknown","MTHR",0.458,0.553,98,0.1395,0.16216680380306,"LW","WLM","(-0.11436899631094) + 0.500064738*Width",145.1495584
"442","D16","unknown","MTHR",0.439,0.519,98,0.1395,0.14516460271106,"LW","WLM","(-0.11436899631094) + 0.500064738*Width",145.1495584
"443","D16","unknown","MTHR",0.687,0.526,98,0.1395,0.14866505587706,"LW","WLM","(-0.11436899631094) + 0.500064738*Width",145.1495584
"444","D16","unknown","MTHR",0.493,0.309,98,0.1395,0.04015100773106,"LW","WLM","(-0.11436899631094) + 0.500064738*Width",145.1495584
"445","D16","unknown","MTHR",1.008,0.551,98,0.1395,0.16116667432706,"LW","WLM","(-0.11436899631094) + 0.500064738*Width",145.1495584
"446","D16","unknown","OPHR",3.15,1.723,27,0.1,0.260578669928937,"LW","WLM","0.17529811468193648 + 0.049495389*Width",145.1495584
"447","D16","unknown","OPHR",3.151,1.805,27,0.1,0.264637291826937,"LW","WLM","0.17529811468193648 + 0.049495389*Width",145.1495584
"448","D16","unknown","OPHR",1.136,0.924,27,0.1,0.221031854117936,"LW","WLM","0.17529811468193648 + 0.049495389*Width",145.1495584
"449","D16","unknown","PALN",2.197,0.632,2,0.098,0.098,"median","MEDIAN","0.098",145.1495584
"450","D16","unknown","PALN",2.627,0.455,2,0.098,0.098,"median","MEDIAN","0.098",145.1495584
"451","D16","unknown","POLY",4.205,0.321,61,0.137,2.95851166776154,"LW","Lpower","0.134061610163335 + Length^0.722921576",145.1495584
"452","D16","unknown","POLY",6.145,0.298,61,0.137,3.84975171090704,"LW","Lpower","0.134061610163335 + Length^0.722921576",145.1495584
"453","D16","unknown","POLY",5.458,0.258,61,0.137,3.54455680548284,"LW","Lpower","0.134061610163335 + Length^0.722921576",145.1495584
"454","D16","unknown","POLY",5.246,0.281,61,0.137,3.44826684649298,"LW","Lpower","0.134061610163335 + Length^0.722921576",145.1495584
"455","D16","unknown","POLY",NA,NA,61,0.137,0.137,"median","Lpower","0.134061610163335 + Length^0.722921576",145.1495584
"456","D16","unknown","POLY",4.845,0.188,61,0.137,3.26311995016524,"LW","Lpower","0.134061610163335 + Length^0.722921576",145.1495584
"457","D16","unknown","XNTH",0.504,0.787,3,0.416,0.416,"median","MEDIAN","0.416",145.1495584
"458","D17","unknown","CARD",1.409,0.301,126,0.0745,0.081329239031754,"LW","LLM","(-0.249349738873246) + 0.234690545*Length",116.2557244
"459","D17","unknown","CARD",1.963,0.47,126,0.0745,0.211347800961754,"LW","LLM","(-0.249349738873246) + 0.234690545*Length",116.2557244
"460","D17","unknown","DROM",0.816,0.72,NA,NA,0.01,"median",NA,NA,116.2557244
"461","D17","unknown","GLRH",0.734,0.78,68,0.497,1.09009684390305,"LW","Lpower","0.553638519364288 + Length^2.013820376",116.2557244
"462","D17","unknown","GLRH",0.808,0.784,68,0.497,1.20458174512512,"LW","Lpower","0.553638519364288 + Length^2.013820376",116.2557244
"463","D17","unknown","GLRH",0.461,0.576,68,0.497,0.763897265945892,"LW","Lpower","0.553638519364288 + Length^2.013820376",116.2557244
"464","D17","unknown","GLRH",0.394,0.63,68,0.497,0.706889072015485,"LW","Lpower","0.553638519364288 + Length^2.013820376",116.2557244
"465","D17","unknown","GLRH",0.958,1.089,68,0.497,1.47085844866625,"LW","Lpower","0.553638519364288 + Length^2.013820376",116.2557244
"466","D17","unknown","MTHR",0.236,0.272,98,0.1395,0.02164861242506,"LW","WLM","(-0.11436899631094) + 0.500064738*Width",116.2557244
"467","D17","unknown","MTHR",0.298,0.696,98,0.1395,0.23367606133706,"LW","WLM","(-0.11436899631094) + 0.500064738*Width",116.2557244
"468","D17","unknown","MTHR",1.126,1.218,98,0.1395,0.49470985457306,"LW","WLM","(-0.11436899631094) + 0.500064738*Width",116.2557244
"469","D17","unknown","MTHR",0.664,0.971,98,0.1395,0.37119386428706,"LW","WLM","(-0.11436899631094) + 0.500064738*Width",116.2557244
"470","D17","unknown","MTHR",0.787,1.108,98,0.1395,0.43970273339306,"LW","WLM","(-0.11436899631094) + 0.500064738*Width",116.2557244
"471","D17","unknown","MTHR",NA,NA,98,0.1395,0.1395,"median","WLM","(-0.11436899631094) + 0.500064738*Width",116.2557244
"472","D17","unknown","MTHR",0.591,0.622,98,0.1395,0.19667127072506,"LW","WLM","(-0.11436899631094) + 0.500064738*Width",116.2557244
"473","D17","unknown","OPHR",1.62,1.576,27,0.1,0.253302847745936,"LW","WLM","0.17529811468193648 + 0.049495389*Width",116.2557244
"474","D17","unknown","POLY",6.303,0.532,61,0.137,3.91857459233188,"LW","Lpower","0.134061610163335 + Length^0.722921576",116.2557244
"475","D17","unknown","STOM",4.805,0.992,14,1.033,1.033,"median","LLM","0.266401061046541+ 0.259594548*Length",116.2557244
"476","D18","unknown","OPHR",NA,NA,27,0.1,0.1,"median","WLM","0.17529811468193648 + 0.049495389*Width",15.87573295
"477","D2","wood","BIVL",6.394,4.374,78,0.2675,25.5267807589779,"LW","Wpower","0.428511457562805 +Width^2.183944642",37.64816671
"478","D5","wood","HCOR",NA,NA,5,2.513,2.513,"median","WPOLY","3.33539999999999 + 4.501470698*Width + 0.842919605*Width^2",74.38914868
"479","D5","wood","HCOR",6.642,2.137,5,2.513,2.513,"median","WPOLY","3.33539999999999 + 4.501470698*Width + 0.842919605*Width^2",74.38914868
"480","D7","wood","GAST",2.254,1.425,123,0.431,1.31101793766368,"LW","LLM","(-0.258878291874316) + 0.696493447*Length",119.7483857
"481","D7","wood","GLRH",0.258,0.22,68,0.497,0.618967784805302,"LW","Lpower","0.553638519364288 + Length^2.013820376",119.7483857
"482","D7","wood","HCOR",1.362,1.024,5,2.513,2.513,"median","WPOLY","3.33539999999999 + 4.501470698*Width + 0.842919605*Width^2",119.7483857
"483","D7","wood","HCOR",3.886,3.16,5,2.513,2.513,"median","WPOLY","3.33539999999999 + 4.501470698*Width + 0.842919605*Width^2",119.7483857
"484","D7","wood","HCOR",1.05,0.987,5,2.513,2.513,"median","WPOLY","3.33539999999999 + 4.501470698*Width + 0.842919605*Width^2",119.7483857
"485","D7","wood","HCOR",1.123,1.07,5,2.513,2.513,"median","WPOLY","3.33539999999999 + 4.501470698*Width + 0.842919605*Width^2",119.7483857
"486","D7","wood","HCOR",0.678,0.63,5,2.513,2.513,"median","WPOLY","3.33539999999999 + 4.501470698*Width + 0.842919605*Width^2",119.7483857
"487","D7","wood","HCOR",0.752,0.731,5,2.513,2.513,"median","WPOLY","3.33539999999999 + 4.501470698*Width + 0.842919605*Width^2",119.7483857
"488","D7","wood","HCOR",1.133,0.805,5,2.513,2.513,"median","WPOLY","3.33539999999999 + 4.501470698*Width + 0.842919605*Width^2",119.7483857
"489","D7","wood","HCOR",NA,NA,5,2.513,2.513,"median","WPOLY","3.33539999999999 + 4.501470698*Width + 0.842919605*Width^2",119.7483857
"490","D7","wood","HCOR",NA,NA,5,2.513,2.513,"median","WPOLY","3.33539999999999 + 4.501470698*Width + 0.842919605*Width^2",119.7483857
"491","D7","wood","HCOR",NA,NA,5,2.513,2.513,"median","WPOLY","3.33539999999999 + 4.501470698*Width + 0.842919605*Width^2",119.7483857
"492","D7","wood","HCOR",NA,NA,5,2.513,2.513,"median","WPOLY","3.33539999999999 + 4.501470698*Width + 0.842919605*Width^2",119.7483857
"493","D7","wood","HCOR",NA,NA,5,2.513,2.513,"median","WPOLY","3.33539999999999 + 4.501470698*Width + 0.842919605*Width^2",119.7483857
"494","D7","wood","HCOR",NA,NA,5,2.513,2.513,"median","WPOLY","3.33539999999999 + 4.501470698*Width + 0.842919605*Width^2",119.7483857
"495","D7","wood","HCOR",NA,NA,5,2.513,2.513,"median","WPOLY","3.33539999999999 + 4.501470698*Width + 0.842919605*Width^2",119.7483857
"496","D7","wood","HCOR",NA,NA,5,2.513,2.513,"median","WPOLY","3.33539999999999 + 4.501470698*Width + 0.842919605*Width^2",119.7483857
"497","D7","wood","HCOR",NA,NA,5,2.513,2.513,"median","WPOLY","3.33539999999999 + 4.501470698*Width + 0.842919605*Width^2",119.7483857
"498","D7","wood","MTHR",0.477,0.393,98,0.1395,0.08215644572306,"LW","WLM","(-0.11436899631094) + 0.500064738*Width",119.7483857
"499","D7","wood","OPHR",NA,NA,27,0.1,0.1,"median","WLM","0.17529811468193648 + 0.049495389*Width",119.7483857
"500","D7","wood","POLY",0.945,0.055,61,0.137,1.0939906369797,"LW","Lpower","0.134061610163335 + Length^0.722921576",119.7483857
"501","D7","wood","POLY",1.684,0.142,61,0.137,1.59162542602491,"LW","Lpower","0.134061610163335 + Length^0.722921576",119.7483857
"502","D7","wood","POLY",1.489,0.153,61,0.137,1.46755021054637,"LW","Lpower","0.134061610163335 + Length^0.722921576",119.7483857
"503","D7","wood","POLY",15.78,0.444,61,0.137,7.48152447636185,"LW","Lpower","0.134061610163335 + Length^0.722921576",119.7483857
"504","D7","wood","POLY",NA,NA,61,0.137,0.137,"median","Lpower","0.134061610163335 + Length^0.722921576",119.7483857
"505","D7","wood","POLY",1.72,0.153,61,0.137,1.61408505835987,"LW","Lpower","0.134061610163335 + Length^0.722921576",119.7483857
"506","D7","wood","POLY",5.924,0.262,61,0.137,3.75265753261639,"LW","Lpower","0.134061610163335 + Length^0.722921576",119.7483857
"507","D7","wood","POLY",3.223,0.226,61,0.137,2.46447164160105,"LW","Lpower","0.134061610163335 + Length^0.722921576",119.7483857
"508","D7","wood","POLY",1.648,0.097,61,0.137,1.56903235234647,"LW","Lpower","0.134061610163335 + Length^0.722921576",119.7483857
"509","D7","wood","POLY",NA,NA,61,0.137,0.137,"median","Lpower","0.134061610163335 + Length^0.722921576",119.7483857
"510","D7","wood","POLY",NA,NA,61,0.137,0.137,"median","Lpower","0.134061610163335 + Length^0.722921576",119.7483857
"511","D8","wood","BIVL",5.232,3.078,78,0.2675,12.0792009184877,"LW","Wpower","0.428511457562805 +Width^2.183944642",13.6077711
"512","D8","wood","GAST",3.911,2.436,123,0.431,2.46510757934268,"LW","LLM","(-0.258878291874316) + 0.696493447*Length",13.6077711
"513","D8","wood","HCOR",1.259,0.303,5,2.513,2.513,"median","WPOLY","3.33539999999999 + 4.501470698*Width + 0.842919605*Width^2",13.6077711
"514","D8","wood","HCOR",0.511,0.588,5,2.513,2.513,"median","WPOLY","3.33539999999999 + 4.501470698*Width + 0.842919605*Width^2",13.6077711
"515","D8","wood","POLY",NA,NA,61,0.137,0.137,"median","Lpower","0.134061610163335 + Length^0.722921576",13.6077711
"516","D8","wood","POLY",NA,NA,61,0.137,0.137,"median","Lpower","0.134061610163335 + Length^0.722921576",13.6077711
"517","D9","wood","ECHN",0.28,0.275,14,0.086,0.086,"median","WLM","0.0997405215073031 + 0.3003669330397085*Width",11.33980925
"518","D9","wood","HCOR",0.612,0.589,5,2.513,2.513,"median","WPOLY","3.33539999999999 + 4.501470698*Width + 0.842919605*Width^2",11.33980925
"519","D9","wood","POLY",3.088,0.388,61,0.137,2.39348842901525,"LW","Lpower","0.134061610163335 + Length^0.722921576",11.33980925
"520","D14","wood","POLY",2.443,0.178,61,0.137,2.04144608825282,"LW","Lpower","0.134061610163335 + Length^0.722921576",73.48196394
"521","D16","wood","MTHR",0.592,0.494,98,0.1395,0.13266298426106,"LW","WLM","(-0.11436899631094) + 0.500064738*Width",145.1495584
"522","D17","wood","CHIT",1.929,0.656,NA,NA,0.01,"median",NA,NA,116.2557244
"523","D18","wood","CHIT",NA,NA,NA,NA,0.01,"median",NA,NA,15.87573295
"524","D18","wood","GAST",NA,NA,123,0.431,0.431,"median","LLM","(-0.258878291874316) + 0.696493447*Length",15.87573295
"525","D18","wood","HCOR",NA,NA,5,2.513,2.513,"median","WPOLY","3.33539999999999 + 4.501470698*Width + 0.842919605*Width^2",15.87573295
